Phase,Dataset,Algorithm,Vectorization,Fold 0,Fold 1,Fold 2,Fold 3,Fold 4,Average
Stage 1,PROMISE,BiCNN,TF-IDF,0.5567010309278351,0.5979381443298969,0.6030927835051546,0.6082474226804123,0.6217616580310881,0.5975482078948774
Stage 2,PROMISE,BiCNN,TF-IDF,0.23809523809523808,0.2358490566037736,0.23809523809523808,0.23809523809523808,0.2403846153846154,0.23810387725482066
Overall,PROMISE,BiCNN,TF-IDF,0.22164948453608246,0.29896907216494845,0.3247422680412371,0.25257731958762886,0.29533678756476683,0.2786549863789327
Stage 1,PROMISE,BiLSTM,TF-IDF,0.9020618556701031,0.8969072164948454,0.865979381443299,0.9329896907216495,0.8808290155440415,0.8957534319747879
Stage 2,PROMISE,BiLSTM,TF-IDF,0.7142857142857143,0.7169811320754716,0.7047619047619048,0.638095238095238,0.7307692307692307,0.700978643997512
Overall,PROMISE,BiLSTM,TF-IDF,0.7525773195876289,0.7680412371134021,0.7371134020618557,0.7525773195876289,0.7409326424870466,0.7502483841675124
Stage 1,PROMISE,CNN,TF-IDF,0.5412371134020618,0.6030927835051546,0.5257731958762887,0.6288659793814433,0.6062176165803109,0.5810373377490519
Stage 2,PROMISE,CNN,TF-IDF,0.23809523809523808,0.2358490566037736,0.23809523809523808,0.23809523809523808,0.2403846153846154,0.23810387725482066
Overall,PROMISE,CNN,TF-IDF,0.19072164948453607,0.26804123711340205,0.23195876288659795,0.28350515463917525,0.22797927461139897,0.24044121574702207
Stage 1,PROMISE,DNN,TF-IDF,0.8814432989690721,0.8762886597938144,0.8556701030927835,0.9278350515463918,0.8601036269430051,0.8802681480690133
Stage 2,PROMISE,DNN,TF-IDF,0.6761904761904762,0.6698113207547169,0.6285714285714286,0.6,0.6538461538461539,0.6456838758725552
Overall,PROMISE,DNN,TF-IDF,0.7164948453608248,0.7422680412371134,0.7010309278350515,0.7268041237113402,0.694300518134715,0.716179691255809
Stage 1,PROMISE,GRU,TF-IDF,0.9020618556701031,0.9072164948453608,0.8711340206185567,0.9278350515463918,0.8756476683937824,0.8967790182148392
Stage 2,PROMISE,GRU,TF-IDF,0.7238095238095238,0.7735849056603774,0.6857142857142857,0.6285714285714286,0.7403846153846154,0.7104129518280462
Overall,PROMISE,GRU,TF-IDF,0.7577319587628866,0.7938144329896907,0.7371134020618557,0.7422680412371134,0.7512953367875648,0.7564446343678222
Stage 1,PROMISE,LSTM,TF-IDF,0.8814432989690721,0.8969072164948454,0.8608247422680413,0.9278350515463918,0.8704663212435233,0.8874953261043746
Stage 2,PROMISE,LSTM,TF-IDF,0.7047619047619048,0.7264150943396226,0.6666666666666666,0.638095238095238,0.7019230769230769,0.6875723961573017
Overall,PROMISE,LSTM,TF-IDF,0.7319587628865979,0.7731958762886598,0.7164948453608248,0.7525773195876289,0.7305699481865285,0.740959350462048
Stage 1,PROMISE,BiCNN,SBERT,0.5412371134020618,0.5463917525773195,0.5412371134020618,0.5412371134020618,0.538860103626943,0.5417926392820896
Stage 2,PROMISE,BiCNN,SBERT,0.23809523809523808,0.2358490566037736,0.23809523809523808,0.23809523809523808,0.2403846153846154,0.23810387725482066
Overall,PROMISE,BiCNN,SBERT,0.12886597938144329,0.12886597938144329,0.12886597938144329,0.12886597938144329,0.12953367875647667,0.12899951925644998
Stage 1,PROMISE,BiLSTM,SBERT,0.8350515463917526,0.8350515463917526,0.8505154639175257,0.9123711340206185,0.8290155440414507,0.85240104695262
Stage 2,PROMISE,BiLSTM,SBERT,0.6761904761904762,0.6226415094339622,0.7333333333333333,0.7142857142857143,0.75,0.6992902066486972
Overall,PROMISE,BiLSTM,SBERT,0.6804123711340206,0.6855670103092784,0.7422680412371134,0.7680412371134021,0.7098445595854922,0.7172266438758613
Stage 1,PROMISE,CNN,SBERT,0.5412371134020618,0.5463917525773195,0.5412371134020618,0.5412371134020618,0.538860103626943,0.5417926392820896
Stage 2,PROMISE,CNN,SBERT,0.23809523809523808,0.2358490566037736,0.23809523809523808,0.23809523809523808,0.2403846153846154,0.23810387725482066
Overall,PROMISE,CNN,SBERT,0.12886597938144329,0.12886597938144329,0.12886597938144329,0.12886597938144329,0.12953367875647667,0.12899951925644998
Stage 1,PROMISE,DNN,SBERT,0.8350515463917526,0.8350515463917526,0.8556701030927835,0.9175257731958762,0.8341968911917098,0.8554991720527749
Stage 2,PROMISE,DNN,SBERT,0.6666666666666666,0.6037735849056604,0.6761904761904762,0.6761904761904762,0.6826923076923077,0.6611027023291174
Overall,PROMISE,DNN,SBERT,0.6649484536082474,0.6855670103092784,0.7164948453608248,0.7577319587628866,0.6735751295336787,0.6996634795149832
Stage 1,PROMISE,GRU,SBERT,0.8298969072164949,0.845360824742268,0.8556701030927835,0.8969072164948454,0.8238341968911918,0.8503338496875166
Stage 2,PROMISE,GRU,SBERT,0.6571428571428571,0.6037735849056604,0.6857142857142857,0.6666666666666666,0.6923076923076923,0.6611210173474324
Overall,PROMISE,GRU,SBERT,0.6649484536082474,0.6804123711340206,0.7164948453608248,0.7216494845360825,0.6839378238341969,0.6934885956946746
Stage 1,PROMISE,LSTM,SBERT,0.8402061855670103,0.845360824742268,0.865979381443299,0.8969072164948454,0.8186528497409327,0.853421291597671
Stage 2,PROMISE,LSTM,SBERT,0.6666666666666666,0.6132075471698113,0.6857142857142857,0.6666666666666666,0.7307692307692307,0.6726048793973323
Overall,PROMISE,LSTM,SBERT,0.6701030927835051,0.6855670103092784,0.7268041237113402,0.7268041237113402,0.689119170984456,0.699679504299984
Stage 1,PROMISE,BiCNN,BERT,0.654639175257732,0.7010309278350515,0.6391752577319587,0.7268041237113402,0.6424870466321243,0.6728273062336414
Stage 2,PROMISE,BiCNN,BERT,0.2857142857142857,0.3018867924528302,0.3047619047619048,0.3047619047619048,0.3076923076923077,0.30096343907664663
Overall,PROMISE,BiCNN,BERT,0.4639175257731959,0.4845360824742268,0.4020618556701031,0.4329896907216495,0.35233160621761656,0.4271673521713584
Stage 1,PROMISE,BiLSTM,BERT,0.9226804123711341,0.8762886597938144,0.8608247422680413,0.9123711340206185,0.9067357512953368,0.8957801399497891
Stage 2,PROMISE,BiLSTM,BERT,0.638095238095238,0.6886792452830188,0.7047619047619048,0.7238095238095238,0.75,0.7010691823899371
Overall,PROMISE,BiLSTM,BERT,0.7474226804123711,0.7319587628865979,0.7268041237113402,0.7835051546391752,0.7823834196891192,0.7544148282677208
Stage 1,PROMISE,CNN,BERT,0.654639175257732,0.654639175257732,0.5876288659793815,0.6855670103092784,0.6321243523316062,0.6429197158271459
Stage 2,PROMISE,CNN,BERT,0.24761904761904763,0.25471698113207547,0.24761904761904763,0.2571428571428571,0.2980769230769231,0.2610349713179902
Overall,PROMISE,CNN,BERT,0.38144329896907214,0.3556701030927835,0.3556701030927835,0.3402061855670103,0.33678756476683935,0.35395545109769777
Stage 1,PROMISE,DNN,BERT,0.9020618556701031,0.8711340206185567,0.8608247422680413,0.8917525773195877,0.8860103626943006,0.8823567117141178
Stage 2,PROMISE,DNN,BERT,0.6,0.5754716981132075,0.6285714285714286,0.6857142857142857,0.6538461538461539,0.6287207132490151
Overall,PROMISE,DNN,BERT,0.7164948453608248,0.6752577319587629,0.7010309278350515,0.7525773195876289,0.7046632124352331,0.7100048074355001
Stage 1,PROMISE,GRU,BERT,0.9072164948453608,0.8865979381443299,0.8505154639175257,0.9226804123711341,0.9119170984455959,0.8957854815447892
Stage 2,PROMISE,GRU,BERT,0.6571428571428571,0.6698113207547169,0.6761904761904762,0.7238095238095238,0.7307692307692307,0.691544681733361
Overall,PROMISE,GRU,BERT,0.7525773195876289,0.7319587628865979,0.711340206185567,0.7938144329896907,0.772020725388601,0.7523422894076172
Stage 1,PROMISE,LSTM,BERT,0.9123711340206185,0.8814432989690721,0.865979381443299,0.9175257731958762,0.8963730569948186,0.8947385289247368
Stage 2,PROMISE,LSTM,BERT,0.6761904761904762,0.6415094339622641,0.7047619047619048,0.7523809523809524,0.7403846153846154,0.7030454765360427
Overall,PROMISE,LSTM,BERT,0.7577319587628866,0.7164948453608248,0.7371134020618557,0.8092783505154639,0.7616580310880829,0.7564553175578228
Stage 1,PROMISE,BiCNN,MPNet,0.5412371134020618,0.5463917525773195,0.5412371134020618,0.5412371134020618,0.538860103626943,0.5417926392820896
Stage 2,PROMISE,BiCNN,MPNet,0.23809523809523808,0.2358490566037736,0.23809523809523808,0.23809523809523808,0.2403846153846154,0.23810387725482066
Overall,PROMISE,BiCNN,MPNet,0.12886597938144329,0.12886597938144329,0.12886597938144329,0.12886597938144329,0.12953367875647667,0.12899951925644998
Stage 1,PROMISE,BiLSTM,MPNet,0.8762886597938144,0.8608247422680413,0.8608247422680413,0.9226804123711341,0.8860103626943006,0.8813257838790662
Stage 2,PROMISE,BiLSTM,MPNet,0.7333333333333333,0.7358490566037735,0.7238095238095238,0.7523809523809524,0.75,0.7390745732255166
Overall,PROMISE,BiLSTM,MPNet,0.7577319587628866,0.7474226804123711,0.7474226804123711,0.8041237113402062,0.7616580310880829,0.7636718124031836
Stage 1,PROMISE,CNN,MPNet,0.5412371134020618,0.5463917525773195,0.5412371134020618,0.5412371134020618,0.538860103626943,0.5417926392820896
Stage 2,PROMISE,CNN,MPNet,0.23809523809523808,0.2358490566037736,0.23809523809523808,0.23809523809523808,0.2403846153846154,0.23810387725482066
Overall,PROMISE,CNN,MPNet,0.12886597938144329,0.12886597938144329,0.12886597938144329,0.12886597938144329,0.12953367875647667,0.12899951925644998
Stage 1,PROMISE,DNN,MPNet,0.8865979381443299,0.8762886597938144,0.8814432989690721,0.9278350515463918,0.8911917098445595,0.8926713316596334
Stage 2,PROMISE,DNN,MPNet,0.6571428571428571,0.6698113207547169,0.6952380952380952,0.6666666666666666,0.6826923076923077,0.6743102494989287
Overall,PROMISE,DNN,MPNet,0.7422680412371134,0.7216494845360825,0.7525773195876289,0.7680412371134021,0.7253886010362695,0.7419849367020992
Stage 1,PROMISE,GRU,MPNet,0.8814432989690721,0.8711340206185567,0.8762886597938144,0.9226804123711341,0.8808290155440415,0.8864750814593236
Stage 2,PROMISE,GRU,MPNet,0.6666666666666666,0.6886792452830188,0.7238095238095238,0.7142857142857143,0.7115384615384616,0.7009959223166771
Overall,PROMISE,GRU,MPNet,0.7216494845360825,0.7371134020618557,0.7577319587628866,0.7938144329896907,0.7357512953367875,0.7492121147374606
Stage 1,PROMISE,LSTM,MPNet,0.8814432989690721,0.8762886597938144,0.865979381443299,0.9226804123711341,0.8808290155440415,0.8854441536242721
Stage 2,PROMISE,LSTM,MPNet,0.6666666666666666,0.7169811320754716,0.7142857142857143,0.7142857142857143,0.7019230769230769,0.7028284608473288
Overall,PROMISE,LSTM,MPNet,0.7216494845360825,0.7577319587628866,0.7422680412371134,0.788659793814433,0.7305699481865285,0.7481758453074088
Stage 1,PROMISE,BiCNN,GloVe,0.6597938144329897,0.6701030927835051,0.634020618556701,0.6855670103092784,0.6787564766839378,0.6656482025532824
Stage 2,PROMISE,BiCNN,GloVe,0.24761904761904763,0.2358490566037736,0.23809523809523808,0.23809523809523808,0.2403846153846154,0.24000863915958254
Overall,PROMISE,BiCNN,GloVe,0.36597938144329895,0.31443298969072164,0.4072164948453608,0.4072164948453608,0.35233160621761656,0.36943539340847176
Stage 1,PROMISE,BiLSTM,GloVe,0.845360824742268,0.845360824742268,0.7938144329896907,0.8556701030927835,0.8238341968911918,0.8328080764916403
Stage 2,PROMISE,BiLSTM,GloVe,0.5428571428571428,0.5471698113207547,0.6285714285714286,0.5714285714285714,0.6153846153846154,0.5810823139125026
Overall,PROMISE,BiLSTM,GloVe,0.654639175257732,0.6391752577319587,0.634020618556701,0.6701030927835051,0.6580310880829016,0.6511938464825596
Stage 1,PROMISE,CNN,GloVe,0.5979381443298969,0.634020618556701,0.6082474226804123,0.654639175257732,0.6373056994818653,0.6264302120613215
Stage 2,PROMISE,CNN,GloVe,0.23809523809523808,0.2358490566037736,0.23809523809523808,0.23809523809523808,0.2403846153846154,0.23810387725482066
Overall,PROMISE,CNN,GloVe,0.26804123711340205,0.30412371134020616,0.28350515463917525,0.30412371134020616,0.31088082901554404,0.2941349286897067
Stage 1,PROMISE,DNN,GloVe,0.8711340206185567,0.8505154639175257,0.8041237113402062,0.8762886597938144,0.8238341968911918,0.8451792105122589
Stage 2,PROMISE,DNN,GloVe,0.5333333333333333,0.5,0.5619047619047619,0.5428571428571428,0.5480769230769231,0.5372344322344322
Overall,PROMISE,DNN,GloVe,0.6649484536082474,0.6237113402061856,0.6134020618556701,0.6597938144329897,0.6217616580310881,0.6367234656268361
Stage 1,PROMISE,GRU,GloVe,0.8402061855670103,0.8402061855670103,0.8195876288659794,0.8505154639175257,0.8031088082901554,0.8307248544415362
Stage 2,PROMISE,GRU,GloVe,0.5238095238095238,0.49056603773584906,0.5904761904761905,0.580952380952381,0.5288461538461539,0.5429300573640197
Overall,PROMISE,GRU,GloVe,0.654639175257732,0.6134020618556701,0.6237113402061856,0.6597938144329897,0.6010362694300518,0.6305165322365258
Stage 1,PROMISE,LSTM,GloVe,0.845360824742268,0.8556701030927835,0.8041237113402062,0.845360824742268,0.8082901554404145,0.8317611238715881
Stage 2,PROMISE,LSTM,GloVe,0.5523809523809524,0.5377358490566038,0.6,0.580952380952381,0.5673076923076923,0.5676753749395258
Overall,PROMISE,LSTM,GloVe,0.654639175257732,0.6391752577319587,0.6237113402061856,0.634020618556701,0.6217616580310881,0.634661609956733
Stage 1,PROMISE,BiCNN,Word2Vec,0.5360824742268041,0.5567010309278351,0.520618556701031,0.5463917525773195,0.5751295336787565,0.5469846696223492
Stage 2,PROMISE,BiCNN,Word2Vec,0.23809523809523808,0.2358490566037736,0.23809523809523808,0.23809523809523808,0.2403846153846154,0.23810387725482066
Overall,PROMISE,BiCNN,Word2Vec,0.14432989690721648,0.14948453608247422,0.15979381443298968,0.14432989690721648,0.18652849740932642,0.15689332834784464
Stage 1,PROMISE,BiLSTM,Word2Vec,0.8298969072164949,0.8350515463917526,0.845360824742268,0.8711340206185567,0.8290155440414507,0.8420917686021046
Stage 2,PROMISE,BiLSTM,Word2Vec,0.5333333333333333,0.5094339622641509,0.5904761904761905,0.580952380952381,0.5480769230769231,0.5524545580205957
Overall,PROMISE,BiLSTM,Word2Vec,0.6134020618556701,0.6134020618556701,0.6391752577319587,0.6649484536082474,0.6113989637305699,0.6284653597564233
Stage 1,PROMISE,CNN,Word2Vec,0.5412371134020618,0.5463917525773195,0.5412371134020618,0.5412371134020618,0.5440414507772021,0.5428289087121414
Stage 2,PROMISE,CNN,Word2Vec,0.23809523809523808,0.2358490566037736,0.23809523809523808,0.23809523809523808,0.2403846153846154,0.23810387725482066
Overall,PROMISE,CNN,Word2Vec,0.12886597938144329,0.12886597938144329,0.12886597938144329,0.13402061855670103,0.13471502590673576,0.13106671652155333
Stage 1,PROMISE,DNN,Word2Vec,0.8247422680412371,0.8505154639175257,0.8556701030927835,0.9072164948453608,0.844559585492228,0.856540783077827
Stage 2,PROMISE,DNN,Word2Vec,0.5428571428571428,0.4716981132075472,0.5714285714285714,0.5619047619047619,0.5480769230769231,0.5391931024949892
Overall,PROMISE,DNN,Word2Vec,0.6185567010309279,0.6237113402061856,0.6494845360824743,0.6907216494845361,0.6373056994818653,0.6439559852571978
Stage 1,PROMISE,GRU,Word2Vec,0.8298969072164949,0.8350515463917526,0.8814432989690721,0.8865979381443299,0.8290155440414507,0.85240104695262
Stage 2,PROMISE,GRU,Word2Vec,0.5333333333333333,0.4811320754716981,0.580952380952381,0.5714285714285714,0.5576923076923077,0.5449077337756583
Overall,PROMISE,GRU,Word2Vec,0.6134020618556701,0.6082474226804123,0.6804123711340206,0.6804123711340206,0.6321243523316062,0.642919715827146
Stage 1,PROMISE,LSTM,Word2Vec,0.8350515463917526,0.845360824742268,0.8608247422680413,0.865979381443299,0.8134715025906736,0.8441375994872068
Stage 2,PROMISE,LSTM,Word2Vec,0.5238095238095238,0.49056603773584906,0.5904761904761905,0.5904761904761905,0.5192307692307693,0.5429117423457046
Overall,PROMISE,LSTM,Word2Vec,0.6185567010309279,0.6134020618556701,0.654639175257732,0.6701030927835051,0.6062176165803109,0.6325837295016291
Stage 1,FNFC,BiCNN,TF-IDF,0.8541076487252125,0.8541076487252125,0.8541076487252125,0.8541076487252125,0.8541076487252125,0.8541076487252125
Stage 2,FNFC,BiCNN,TF-IDF,0.23786407766990292,0.23786407766990292,0.23786407766990292,0.23300970873786409,0.23300970873786409,0.2359223300970874
Overall,FNFC,BiCNN,TF-IDF,0.8541076487252125,0.8541076487252125,0.8541076487252125,0.8541076487252125,0.8541076487252125,0.8541076487252125
Stage 1,FNFC,BiLSTM,TF-IDF,0.8739376770538244,0.8845609065155807,0.8604815864022662,0.8845609065155807,0.8788951841359773,0.876487252124646
Stage 2,FNFC,BiLSTM,TF-IDF,0.7621359223300971,0.6941747572815534,0.7330097087378641,0.7815533980582524,0.7038834951456311,0.7349514563106796
Overall,FNFC,BiLSTM,TF-IDF,0.8576487252124646,0.8696883852691218,0.8470254957507082,0.8682719546742209,0.8611898016997167,0.8607648725212463
Stage 1,FNFC,CNN,TF-IDF,0.8541076487252125,0.8541076487252125,0.8541076487252125,0.8541076487252125,0.8541076487252125,0.8541076487252125
Stage 2,FNFC,CNN,TF-IDF,0.23786407766990292,0.23786407766990292,0.23786407766990292,0.23300970873786409,0.23300970873786409,0.2359223300970874
Overall,FNFC,CNN,TF-IDF,0.8541076487252125,0.8541076487252125,0.8541076487252125,0.8541076487252125,0.8541076487252125,0.8541076487252125
Stage 1,FNFC,DNN,TF-IDF,0.8831444759206799,0.8909348441926346,0.8696883852691218,0.8888101983002833,0.8888101983002833,0.8842776203966005
Stage 2,FNFC,DNN,TF-IDF,0.6650485436893204,0.5776699029126213,0.6456310679611651,0.6796116504854369,0.6747572815533981,0.6485436893203883
Overall,FNFC,DNN,TF-IDF,0.8654390934844193,0.8647308781869688,0.8477337110481586,0.8654390934844193,0.8682719546742209,0.8623229461756374
Stage 1,FNFC,GRU,TF-IDF,0.8803116147308782,0.8881019830028328,0.8703966005665722,0.8852691218130312,0.8803116147308782,0.8808781869688385
Stage 2,FNFC,GRU,TF-IDF,0.7669902912621359,0.6941747572815534,0.7330097087378641,0.7572815533980582,0.6941747572815534,0.729126213592233
Overall,FNFC,GRU,TF-IDF,0.8647308781869688,0.8696883852691218,0.8590651558073654,0.8689801699716714,0.8611898016997167,0.8647308781869688
Stage 1,FNFC,LSTM,TF-IDF,0.8760623229461756,0.8881019830028328,0.8682719546742209,0.8873937677053825,0.8831444759206799,0.8805949008498584
Stage 2,FNFC,LSTM,TF-IDF,0.7475728155339806,0.6893203883495146,0.7378640776699029,0.7766990291262136,0.6893203883495146,0.7281553398058253
Overall,FNFC,LSTM,TF-IDF,0.8590651558073654,0.8682719546742209,0.8548158640226629,0.8725212464589235,0.8654390934844193,0.8640226628895185
Stage 1,FNFC,BiCNN,SBERT,0.8541076487252125,0.8541076487252125,0.8541076487252125,0.8541076487252125,0.8541076487252125,0.8541076487252125
Stage 2,FNFC,BiCNN,SBERT,0.23786407766990292,0.23786407766990292,0.23786407766990292,0.23300970873786409,0.23300970873786409,0.2359223300970874
Overall,FNFC,BiCNN,SBERT,0.8541076487252125,0.8541076487252125,0.8541076487252125,0.8541076487252125,0.8541076487252125,0.8541076487252125
Stage 1,FNFC,BiLSTM,SBERT,0.8810198300283286,0.9121813031161473,0.8902266288951841,0.9050991501416431,0.9107648725212465,0.8998583569405099
Stage 2,FNFC,BiLSTM,SBERT,0.7475728155339806,0.6796116504854369,0.7718446601941747,0.7475728155339806,0.7233009708737864,0.7339805825242719
Overall,FNFC,BiLSTM,SBERT,0.863314447592068,0.8817280453257791,0.8781869688385269,0.8881019830028328,0.8902266288951841,0.8803116147308782
Stage 1,FNFC,CNN,SBERT,0.8541076487252125,0.8541076487252125,0.8541076487252125,0.8541076487252125,0.8541076487252125,0.8541076487252125
Stage 2,FNFC,CNN,SBERT,0.23786407766990292,0.23786407766990292,0.23786407766990292,0.23300970873786409,0.23300970873786409,0.2359223300970874
Overall,FNFC,CNN,SBERT,0.8541076487252125,0.8541076487252125,0.8541076487252125,0.8541076487252125,0.8541076487252125,0.8541076487252125
Stage 1,FNFC,DNN,SBERT,0.8739376770538244,0.8987252124645893,0.8944759206798867,0.9093484419263456,0.9022662889518414,0.8957507082152973
Stage 2,FNFC,DNN,SBERT,0.6844660194174758,0.6067961165048543,0.6796116504854369,0.6553398058252428,0.6553398058252428,0.6563106796116505
Overall,FNFC,DNN,SBERT,0.8498583569405099,0.8640226628895185,0.8739376770538244,0.8810198300283286,0.876770538243626,0.8691218130311615
Stage 1,FNFC,GRU,SBERT,0.8895184135977338,0.9143059490084986,0.8916430594900849,0.9008498583569405,0.9114730878186968,0.901558073654391
Stage 2,FNFC,GRU,SBERT,0.7038834951456311,0.6747572815533981,0.7330097087378641,0.7330097087378641,0.7135922330097088,0.7116504854368932
Overall,FNFC,GRU,SBERT,0.8718130311614731,0.8845609065155807,0.8746458923512748,0.8831444759206799,0.8881019830028328,0.8804532577903682
Stage 1,FNFC,LSTM,SBERT,0.886685552407932,0.9185552407932012,0.8888101983002833,0.9058073654390935,0.9093484419263456,0.901841359773371
Stage 2,FNFC,LSTM,SBERT,0.7475728155339806,0.6699029126213593,0.7524271844660194,0.7621359223300971,0.7135922330097088,0.729126213592233
Overall,FNFC,LSTM,SBERT,0.8703966005665722,0.8895184135977338,0.8725212464589235,0.8888101983002833,0.8852691218130312,0.8813031161473088
Stage 1,FNFC,BiCNN,BERT,0.8555240793201133,0.8541076487252125,0.8541076487252125,0.8555240793201133,0.8498583569405099,0.8538243626062323
Stage 2,FNFC,BiCNN,BERT,0.28640776699029125,0.23786407766990292,0.24757281553398058,0.2961165048543689,0.2766990291262136,0.2689320388349515
Overall,FNFC,BiCNN,BERT,0.8519830028328612,0.8541076487252125,0.8541076487252125,0.8541076487252125,0.8427762039660056,0.8514164305949009
Stage 1,FNFC,BiLSTM,BERT,0.8810198300283286,0.9036827195467422,0.8873937677053825,0.9093484419263456,0.9008498583569405,0.8964589235127478
Stage 2,FNFC,BiLSTM,BERT,0.7087378640776699,0.6456310679611651,0.6893203883495146,0.7233009708737864,0.6650485436893204,0.6864077669902913
Overall,FNFC,BiLSTM,BERT,0.8576487252124646,0.8696883852691218,0.8746458923512748,0.8923512747875354,0.8781869688385269,0.8745042492917847
Stage 1,FNFC,CNN,BERT,0.8541076487252125,0.8541076487252125,0.853399433427762,0.8541076487252125,0.8548158640226629,0.8541076487252125
Stage 2,FNFC,CNN,BERT,0.27184466019417475,0.24271844660194175,0.24271844660194175,0.2912621359223301,0.27184466019417475,0.2640776699029126
Overall,FNFC,CNN,BERT,0.8541076487252125,0.8541076487252125,0.853399433427762,0.8541076487252125,0.8541076487252125,0.8539660056657224
Stage 1,FNFC,DNN,BERT,0.8406515580736544,0.8852691218130312,0.8781869688385269,0.8958923512747875,0.8796033994334278,0.8759206798866854
Stage 2,FNFC,DNN,BERT,0.6116504854368932,0.5485436893203883,0.6067961165048543,0.616504854368932,0.6116504854368932,0.5990291262135923
Overall,FNFC,DNN,BERT,0.8080736543909348,0.8420679886685553,0.8526912181303116,0.8654390934844193,0.8526912181303116,0.8441926345609065
Stage 1,FNFC,GRU,BERT,0.8831444759206799,0.9022662889518414,0.8838526912181303,0.9058073654390935,0.9079320113314447,0.896600566572238
Stage 2,FNFC,GRU,BERT,0.6553398058252428,0.6359223300970874,0.6844660194174758,0.7087378640776699,0.6456310679611651,0.6660194174757282
Overall,FNFC,GRU,BERT,0.8626062322946175,0.8718130311614731,0.8711048158640227,0.8852691218130312,0.8781869688385269,0.8737960339943343
Stage 1,FNFC,LSTM,BERT,0.9022662889518414,0.9050991501416431,0.8923512747875354,0.9072237960339944,0.9015580736543909,0.9016997167138812
Stage 2,FNFC,LSTM,BERT,0.6893203883495146,0.6310679611650486,0.7135922330097088,0.7184466019417476,0.6941747572815534,0.6893203883495146
Overall,FNFC,LSTM,BERT,0.8803116147308782,0.873229461756374,0.8788951841359773,0.8888101983002833,0.8803116147308782,0.8803116147308782
Stage 1,FNFC,BiCNN,MPNet,0.8541076487252125,0.8541076487252125,0.8541076487252125,0.8541076487252125,0.8541076487252125,0.8541076487252125
Stage 2,FNFC,BiCNN,MPNet,0.23786407766990292,0.23786407766990292,0.23786407766990292,0.23300970873786409,0.23300970873786409,0.2359223300970874
Overall,FNFC,BiCNN,MPNet,0.8541076487252125,0.8541076487252125,0.8541076487252125,0.8541076487252125,0.8541076487252125,0.8541076487252125
Stage 1,FNFC,BiLSTM,MPNet,0.8980169971671388,0.9079320113314447,0.9072237960339944,0.9029745042492918,0.9022662889518414,0.9036827195467423
Stage 2,FNFC,BiLSTM,MPNet,0.7475728155339806,0.6893203883495146,0.7475728155339806,0.7766990291262136,0.7475728155339806,0.741747572815534
Overall,FNFC,BiLSTM,MPNet,0.8838526912181303,0.886685552407932,0.8909348441926346,0.8881019830028328,0.8852691218130312,0.8869688385269121
Stage 1,FNFC,CNN,MPNet,0.8541076487252125,0.8541076487252125,0.8541076487252125,0.8541076487252125,0.8541076487252125,0.8541076487252125
Stage 2,FNFC,CNN,MPNet,0.23786407766990292,0.23786407766990292,0.23786407766990292,0.23300970873786409,0.23300970873786409,0.2359223300970874
Overall,FNFC,CNN,MPNet,0.8541076487252125,0.8541076487252125,0.8541076487252125,0.8541076487252125,0.8541076487252125,0.8541076487252125
Stage 1,FNFC,DNN,MPNet,0.8937677053824362,0.9015580736543909,0.9008498583569405,0.9093484419263456,0.8973087818696884,0.9005665722379603
Stage 2,FNFC,DNN,MPNet,0.6699029126213593,0.6359223300970874,0.6504854368932039,0.6407766990291263,0.6699029126213593,0.6533980582524272
Overall,FNFC,DNN,MPNet,0.873229461756374,0.8696883852691218,0.8788951841359773,0.8803116147308782,0.8718130311614731,0.8747875354107648
Stage 1,FNFC,GRU,MPNet,0.8944759206798867,0.9079320113314447,0.9001416430594901,0.9043909348441926,0.8973087818696884,0.9008498583569405
Stage 2,FNFC,GRU,MPNet,0.7038834951456311,0.6893203883495146,0.7572815533980582,0.7669902912621359,0.7524271844660194,0.7339805825242719
Overall,FNFC,GRU,MPNet,0.873229461756374,0.8852691218130312,0.8831444759206799,0.886685552407932,0.8781869688385269,0.8813031161473088
Stage 1,FNFC,LSTM,MPNet,0.8902266288951841,0.9128895184135978,0.8958923512747875,0.8916430594900849,0.9058073654390935,0.8992917847025496
Stage 2,FNFC,LSTM,MPNet,0.7427184466019418,0.6941747572815534,0.7524271844660194,0.7766990291262136,0.7330097087378641,0.7398058252427184
Overall,FNFC,LSTM,MPNet,0.8725212464589235,0.8902266288951841,0.8781869688385269,0.8718130311614731,0.8873937677053825,0.880028328611898
Stage 1,FNFC,BiCNN,GloVe,0.8555240793201133,0.8512747875354107,0.8541076487252125,0.853399433427762,0.8491501416430595,0.8526912181303116
Stage 2,FNFC,BiCNN,GloVe,0.24271844660194175,0.2524271844660194,0.2669902912621359,0.23300970873786409,0.23786407766990292,0.2466019417475728
Overall,FNFC,BiCNN,GloVe,0.8541076487252125,0.8505665722379604,0.8541076487252125,0.853399433427762,0.8477337110481586,0.8519830028328613
Stage 1,FNFC,BiLSTM,GloVe,0.8583569405099151,0.876770538243626,0.8689801699716714,0.8760623229461756,0.8803116147308782,0.8720963172804532
Stage 2,FNFC,BiLSTM,GloVe,0.6019417475728155,0.5097087378640777,0.587378640776699,0.6262135922330098,0.5436893203883495,0.5737864077669903
Overall,FNFC,BiLSTM,GloVe,0.8321529745042493,0.8463172804532578,0.8498583569405099,0.8477337110481586,0.8597733711048159,0.8471671388101983
Stage 1,FNFC,CNN,GloVe,0.8541076487252125,0.8498583569405099,0.853399433427762,0.8519830028328612,0.8541076487252125,0.8526912181303116
Stage 2,FNFC,CNN,GloVe,0.23786407766990292,0.23786407766990292,0.23786407766990292,0.23300970873786409,0.22815533980582525,0.2349514563106796
Overall,FNFC,CNN,GloVe,0.8541076487252125,0.8491501416430595,0.8519830028328612,0.8519830028328612,0.8541076487252125,0.8522662889518413
Stage 1,FNFC,DNN,GloVe,0.8718130311614731,0.8781869688385269,0.8604815864022662,0.8696883852691218,0.8668555240793201,0.8694050991501416
Stage 2,FNFC,DNN,GloVe,0.587378640776699,0.49514563106796117,0.5194174757281553,0.5097087378640777,0.5339805825242718,0.5291262135922331
Overall,FNFC,DNN,GloVe,0.8498583569405099,0.8541076487252125,0.8271954674220963,0.8406515580736544,0.8420679886685553,0.8427762039660056
Stage 1,FNFC,GRU,GloVe,0.8725212464589235,0.8788951841359773,0.8838526912181303,0.8781869688385269,0.8774787535410765,0.8781869688385269
Stage 2,FNFC,GRU,GloVe,0.587378640776699,0.5145631067961165,0.5776699029126213,0.6067961165048543,0.5339805825242718,0.5640776699029126
Overall,FNFC,GRU,GloVe,0.8505665722379604,0.8434844192634561,0.8668555240793201,0.8576487252124646,0.8526912181303116,0.8542492917847024
Stage 1,FNFC,LSTM,GloVe,0.8668555240793201,0.8824362606232294,0.8647308781869688,0.876770538243626,0.8774787535410765,0.8736543909348441
Stage 2,FNFC,LSTM,GloVe,0.5922330097087378,0.5048543689320388,0.5776699029126213,0.5776699029126213,0.5388349514563107,0.558252427184466
Overall,FNFC,LSTM,GloVe,0.8392351274787535,0.8441926345609065,0.8413597733711048,0.8548158640226629,0.8555240793201133,0.8470254957507082
Stage 1,FNFC,BiCNN,Word2Vec,0.8541076487252125,0.8541076487252125,0.8541076487252125,0.8541076487252125,0.8541076487252125,0.8541076487252125
Stage 2,FNFC,BiCNN,Word2Vec,0.23786407766990292,0.23786407766990292,0.23786407766990292,0.23300970873786409,0.23300970873786409,0.2359223300970874
Overall,FNFC,BiCNN,Word2Vec,0.8541076487252125,0.8541076487252125,0.8541076487252125,0.8541076487252125,0.8541076487252125,0.8541076487252125
Stage 1,FNFC,BiLSTM,Word2Vec,0.8930594900849859,0.886685552407932,0.8626062322946175,0.876770538243626,0.8781869688385269,0.8794617563739378
Stage 2,FNFC,BiLSTM,Word2Vec,0.6359223300970874,0.529126213592233,0.6262135922330098,0.616504854368932,0.5728155339805825,0.596116504854369
Overall,FNFC,BiLSTM,Word2Vec,0.8711048158640227,0.8576487252124646,0.8406515580736544,0.8491501416430595,0.8491501416430595,0.8535410764872522
Stage 1,FNFC,CNN,Word2Vec,0.8541076487252125,0.8541076487252125,0.8541076487252125,0.8541076487252125,0.8541076487252125,0.8541076487252125
Stage 2,FNFC,CNN,Word2Vec,0.23786407766990292,0.23786407766990292,0.23786407766990292,0.23300970873786409,0.23300970873786409,0.2359223300970874
Overall,FNFC,CNN,Word2Vec,0.8541076487252125,0.8541076487252125,0.8541076487252125,0.8541076487252125,0.8541076487252125,0.8541076487252125
Stage 1,FNFC,DNN,Word2Vec,0.8909348441926346,0.8937677053824362,0.8774787535410765,0.8831444759206799,0.8881019830028328,0.886685552407932
Stage 2,FNFC,DNN,Word2Vec,0.558252427184466,0.4854368932038835,0.5145631067961165,0.5388349514563107,0.5145631067961165,0.5223300970873787
Overall,FNFC,DNN,Word2Vec,0.8654390934844193,0.8654390934844193,0.8541076487252125,0.8498583569405099,0.8541076487252125,0.8577903682719545
Stage 1,FNFC,GRU,Word2Vec,0.8873937677053825,0.8895184135977338,0.8654390934844193,0.8824362606232294,0.8881019830028328,0.8825779036827196
Stage 2,FNFC,GRU,Word2Vec,0.6262135922330098,0.5,0.5970873786407767,0.616504854368932,0.5631067961165048,0.5805825242718446
Overall,FNFC,GRU,Word2Vec,0.8689801699716714,0.8583569405099151,0.853399433427762,0.8618980169971672,0.8668555240793201,0.8618980169971671
Stage 1,FNFC,LSTM,Word2Vec,0.8888101983002833,0.8895184135977338,0.863314447592068,0.8852691218130312,0.8944759206798867,0.8842776203966005
Stage 2,FNFC,LSTM,Word2Vec,0.6407766990291263,0.49029126213592233,0.5776699029126213,0.616504854368932,0.5631067961165048,0.5776699029126213
Overall,FNFC,LSTM,Word2Vec,0.8703966005665722,0.8611898016997167,0.8420679886685553,0.8682719546742209,0.8689801699716714,0.8621813031161473
